Время,Цена,0:00-1:00,10:00-11:00,11:00-12:00,12:00-13:00,13:00-14:00,14:00-15:00,15:00-16:00,16:00-17:00,17:00-18:00,18:00-19:00,19:00-20:00,1:00-2:00,20:00-21:00,21:00-22:00,22:00-23:00,23:00-0:00,2:00-3:00,3:00-4:00,4:00-5:00,5:00-6:00,6:00-7:00,7:00-8:00,8:00-9:00,9:00-10:00,ДаммиЧасы,ДаммиНомерНедели,T,ДаммиПогодныеУсловия,Доллар,Длина ночи,Потребление
2023-12-07 00:00:00,2851.75,True,False,False,False,False,False,False,False,False,False,False,False,False,False,False,False,False,False,False,False,False,False,False,False,0,1,-10.0,0,92.4125,15.12,15326.531
2023-12-07 01:00:00,2725.09,False,False,False,False,False,False,False,False,False,False,False,True,False,False,False,False,False,False,False,False,False,False,False,False,1,1,-10.0,0,93.0045,15.12,14485.672
2023-12-07 02:00:00,2646.45,False,False,False,False,False,False,False,False,False,False,False,False,False,False,False,False,True,False,False,False,False,False,False,False,2,1,-11.0,0,92.9005,15.12,13880.578
2023-12-07 03:00:00,2626.32,False,False,False,False,False,False,False,False,False,False,False,False,False,False,False,False,False,True,False,False,False,False,False,False,3,1,-11.0,0,92.9005,15.12,13454.215
2023-12-07 04:00:00,2737.56,False,False,False,False,False,False,False,False,False,False,False,False,False,False,False,False,False,False,True,False,False,False,False,False,4,1,-11.0,0,92.8,15.12,13309.841
2023-12-07 05:00:00,2899.18,False,False,False,False,False,False,False,False,False,False,False,False,False,False,False,False,False,False,False,True,False,False,False,False,5,1,-11.0,1,92.8,15.12,13436.422
2023-12-07 06:00:00,3145.79,False,False,False,False,False,False,False,False,False,False,False,False,False,False,False,False,False,False,False,False,True,False,False,False,6,1,-11.0,1,92.8,15.12,13958.267
2023-12-07 07:00:00,3510.39,False,False,False,False,False,False,False,False,False,False,False,False,False,False,False,False,False,False,False,False,False,True,False,False,7,1,-12.0,1,92.8,15.12,15073.278
2023-12-07 08:00:00,3650.16,False,False,False,False,False,False,False,False,False,False,False,False,False,False,False,False,False,False,False,False,False,False,True,False,8,1,-12.0,1,92.8,15.12,16235.206
2023-12-07 09:00:00,3788.81,False,False,False,False,False,False,False,False,False,False,False,False,False,False,False,False,False,False,False,False,False,False,False,True,9,1,-12.0,1,92.8,15.12,17191.567
2023-12-07 10:00:00,3890.27,False,True,False,False,False,False,False,False,False,False,False,False,False,False,False,False,False,False,False,False,False,False,False,False,10,1,-12.0,1,92.8,15.12,17895.398
2023-12-07 11:00:00,3751.63,False,False,True,False,False,False,False,False,False,False,False,False,False,False,False,False,False,False,False,False,False,False,False,False,11,1,-12.0,1,92.8,15.12,18232.191
2023-12-07 12:00:00,3716.85,False,False,False,True,False,False,False,False,False,False,False,False,False,False,False,False,False,False,False,False,False,False,False,False,12,1,-11.0,1,92.8,15.12,18117.542
2023-12-07 13:00:00,3727.6,False,False,False,False,True,False,False,False,False,False,False,False,False,False,False,False,False,False,False,False,False,False,False,False,13,1,-11.0,0,92.8,15.12,17983.753
2023-12-07 14:00:00,3724.02,False,False,False,False,False,True,False,False,False,False,False,False,False,False,False,False,False,False,False,False,False,False,False,False,14,1,-11.0,1,92.81,15.12,18040.384
2023-12-07 15:00:00,3751.51,False,False,False,False,False,False,True,False,False,False,False,False,False,False,False,False,False,False,False,False,False,False,False,False,15,1,-11.0,1,93.43,15.12,18081.1
2023-12-07 16:00:00,3966.68,False,False,False,False,False,False,False,True,False,False,False,False,False,False,False,False,False,False,False,False,False,False,False,False,16,1,-12.0,1,93.31,15.12,18132.74
2023-12-07 17:00:00,3992.349999999999,False,False,False,False,False,False,False,False,True,False,False,False,False,False,False,False,False,False,False,False,False,False,False,False,17,1,-12.0,1,92.96,15.12,18524.099
2023-12-07 18:00:00,3962.07,False,False,False,False,False,False,False,False,False,True,False,False,False,False,False,False,False,False,False,False,False,False,False,False,18,1,-12.0,1,92.595,15.12,18613.536
2023-12-07 19:00:00,3733.63,False,False,False,False,False,False,False,False,False,False,True,False,False,False,False,False,False,False,False,False,False,False,False,False,19,1,-12.0,1,92.56,15.12,18499.076
2023-12-07 20:00:00,3641.69,False,False,False,False,False,False,False,False,False,False,False,False,True,False,False,False,False,False,False,False,False,False,False,False,20,1,-11.0,1,92.54,15.12,18236.117
2023-12-07 21:00:00,3506.96,False,False,False,False,False,False,False,False,False,False,False,False,False,True,False,False,False,False,False,False,False,False,False,False,21,1,-12.0,1,92.65,15.12,17857.08
2023-12-07 22:00:00,3219.4,False,False,False,False,False,False,False,False,False,False,False,False,False,False,True,False,False,False,False,False,False,False,False,False,22,1,-12.0,1,92.3685,15.12,17344.643
2023-12-07 23:00:00,3047.21,False,False,False,False,False,False,False,False,False,False,False,False,False,False,False,True,False,False,False,False,False,False,False,False,23,1,-12.0,1,92.5865,15.12,16467.308
2023-12-14 00:00:00,3036.41,True,False,False,False,False,False,False,False,False,False,False,False,False,False,False,False,False,False,False,False,False,False,False,False,0,2,-11.0,1,89.804,15.22,15897.058
2023-12-14 01:00:00,2957.71,False,False,False,False,False,False,False,False,False,False,False,True,False,False,False,False,False,False,False,False,False,False,False,False,1,2,-12.0,1,89.835,15.22,15032.519
2023-12-14 02:00:00,2909.37,False,False,False,False,False,False,False,False,False,False,False,False,False,False,False,False,True,False,False,False,False,False,False,False,2,2,-12.0,1,90.134,15.22,14387.795
2023-12-14 03:00:00,2908.52,False,False,False,False,False,False,False,False,False,False,False,False,False,False,False,False,False,True,False,False,False,False,False,False,3,2,-12.0,1,89.95,15.22,13940.687
2023-12-14 04:00:00,2954.27,False,False,False,False,False,False,False,False,False,False,False,False,False,False,False,False,False,False,True,False,False,False,False,False,4,2,-12.0,1,89.95,15.22,13797.102
2023-12-14 05:00:00,3107.94,False,False,False,False,False,False,False,False,False,False,False,False,False,False,False,False,False,False,False,True,False,False,False,False,5,2,-11.0,1,89.95,15.22,13926.371
2023-12-14 06:00:00,3373.76,False,False,False,False,False,False,False,False,False,False,False,False,False,False,False,False,False,False,False,False,True,False,False,False,6,2,-11.0,1,89.725,15.22,14444.799
2023-12-14 07:00:00,3614.3,False,False,False,False,False,False,False,False,False,False,False,False,False,False,False,False,False,False,False,False,False,True,False,False,7,2,-11.0,1,89.35,15.22,15520.288
2023-12-14 08:00:00,3827.68,False,False,False,False,False,False,False,False,False,False,False,False,False,False,False,False,False,False,False,False,False,False,True,False,8,2,-11.0,1,89.35,15.22,16712.188
2023-12-14 09:00:00,3887.82,False,False,False,False,False,False,False,False,False,False,False,False,False,False,False,False,False,False,False,False,False,False,False,True,9,2,-11.0,1,89.35,15.22,17723.328
2023-12-14 10:00:00,3990.83,False,True,False,False,False,False,False,False,False,False,False,False,False,False,False,False,False,False,False,False,False,False,False,False,10,2,-11.0,1,89.35,15.22,18439.741
2023-12-14 11:00:00,3960.08,False,False,True,False,False,False,False,False,False,False,False,False,False,False,False,False,False,False,False,False,False,False,False,False,11,2,-11.0,1,89.35,15.22,18833.732
2023-12-14 12:00:00,3901.75,False,False,False,True,False,False,False,False,False,False,False,False,False,False,False,False,False,False,False,False,False,False,False,False,12,2,-11.0,1,89.35,15.22,18855.582
2023-12-14 13:00:00,3924.91,False,False,False,False,True,False,False,False,False,False,False,False,False,False,False,False,False,False,False,False,False,False,False,False,13,2,-11.0,1,89.35,15.22,18779.039
2023-12-14 14:00:00,3956.889999999999,False,False,False,False,False,True,False,False,False,False,False,False,False,False,False,False,False,False,False,False,False,False,False,False,14,2,-10.0,1,89.99,15.22,18794.812
2023-12-14 15:00:00,3883.73,False,False,False,False,False,False,True,False,False,False,False,False,False,False,False,False,False,False,False,False,False,False,False,False,15,2,-10.0,1,89.41,15.22,18846.281
2023-12-14 16:00:00,4034.75,False,False,False,False,False,False,False,True,False,False,False,False,False,False,False,False,False,False,False,False,False,False,False,False,16,2,-10.0,1,89.4025,15.22,18877.542
2023-12-14 17:00:00,4040.309999999999,False,False,False,False,False,False,False,False,True,False,False,False,False,False,False,False,False,False,False,False,False,False,False,False,17,2,-10.0,1,89.475,15.22,19159.9
2023-12-14 18:00:00,4028.4,False,False,False,False,False,False,False,False,False,True,False,False,False,False,False,False,False,False,False,False,False,False,False,False,18,2,-10.0,1,89.5025,15.22,19058.077
2023-12-14 19:00:00,3852.61,False,False,False,False,False,False,False,False,False,False,True,False,False,False,False,False,False,False,False,False,False,False,False,False,19,2,-11.0,1,89.515,15.22,18880.191
2023-12-14 20:00:00,3791.62,False,False,False,False,False,False,False,False,False,False,False,False,True,False,False,False,False,False,False,False,False,False,False,False,20,2,-11.0,1,89.8675,15.22,18596.451
2023-12-14 21:00:00,3629.97,False,False,False,False,False,False,False,False,False,False,False,False,False,True,False,False,False,False,False,False,False,False,False,False,21,2,-11.0,1,89.7325,15.22,18176.105
2023-12-14 22:00:00,3344.47,False,False,False,False,False,False,False,False,False,False,False,False,False,False,True,False,False,False,False,False,False,False,False,False,22,2,-10.0,1,89.433,15.22,17623.253
2023-12-14 23:00:00,3164.91,False,False,False,False,False,False,False,False,False,False,False,False,False,False,False,True,False,False,False,False,False,False,False,False,23,2,-10.0,1,89.433,15.22,16741.767
2023-12-21 00:00:00,3085.38,True,False,False,False,False,False,False,False,False,False,False,False,False,False,False,False,False,False,False,False,False,False,False,False,0,3,1.0,0,90.5055,15.26,14144.13
2023-12-21 01:00:00,3033.01,False,False,False,False,False,False,False,False,False,False,False,True,False,False,False,False,False,False,False,False,False,False,False,False,1,3,1.0,0,90.499,15.26,13325.183
2023-12-21 02:00:00,3016.66,False,False,False,False,False,False,False,False,False,False,False,False,False,False,False,False,True,False,False,False,False,False,False,False,2,3,1.0,1,90.425,15.26,12717.672
2023-12-21 03:00:00,3025.46,False,False,False,False,False,False,False,False,False,False,False,False,False,False,False,False,False,True,False,False,False,False,False,False,3,3,0.0,1,90.6215,15.26,12318.964
2023-12-21 04:00:00,3072.63,False,False,False,False,False,False,False,False,False,False,False,False,False,False,False,False,False,False,True,False,False,False,False,False,4,3,0.0,1,90.6215,15.26,12204.207
2023-12-21 05:00:00,3164.72,False,False,False,False,False,False,False,False,False,False,False,False,False,False,False,False,False,False,False,True,False,False,False,False,5,3,0.0,1,90.6215,15.26,12270.976
2023-12-21 06:00:00,3317.55,False,False,False,False,False,False,False,False,False,False,False,False,False,False,False,False,False,False,False,False,True,False,False,False,6,3,0.0,1,90.6215,15.26,12781.784
2023-12-21 07:00:00,3634.73,False,False,False,False,False,False,False,False,False,False,False,False,False,False,False,False,False,False,False,False,False,True,False,False,7,3,0.0,1,90.09,15.26,13781.966
2023-12-21 08:00:00,3792.0,False,False,False,False,False,False,False,False,False,False,False,False,False,False,False,False,False,False,False,False,False,False,True,False,8,3,0.0,1,90.09,15.26,14894.602
2023-12-21 09:00:00,3844.61,False,False,False,False,False,False,False,False,False,False,False,False,False,False,False,False,False,False,False,False,False,False,False,True,9,3,0.0,1,90.09,15.26,15897.204
2023-12-21 10:00:00,3864.91,False,True,False,False,False,False,False,False,False,False,False,False,False,False,False,False,False,False,False,False,False,False,False,False,10,3,1.0,1,90.09,15.26,16414.667
2023-12-21 11:00:00,3899.34,False,False,True,False,False,False,False,False,False,False,False,False,False,False,False,False,False,False,False,False,False,False,False,False,11,3,0.0,1,90.09,15.26,16688.53
2023-12-21 12:00:00,3866.0,False,False,False,True,False,False,False,False,False,False,False,False,False,False,False,False,False,False,False,False,False,False,False,False,12,3,1.0,1,90.09,15.26,16690.816
2023-12-21 13:00:00,3900.75,False,False,False,False,True,False,False,False,False,False,False,False,False,False,False,False,False,False,False,False,False,False,False,False,13,3,1.0,0,90.09,15.26,16603.808
2023-12-21 14:00:00,3885.49,False,False,False,False,False,True,False,False,False,False,False,False,False,False,False,False,False,False,False,False,False,False,False,False,14,3,1.0,0,90.81,15.26,16686.137
2023-12-21 15:00:00,3843.68,False,False,False,False,False,False,True,False,False,False,False,False,False,False,False,False,False,False,False,False,False,False,False,False,15,3,0.0,0,90.45,15.26,16673.396
2023-12-21 16:00:00,3870.94,False,False,False,False,False,False,False,True,False,False,False,False,False,False,False,False,False,False,False,False,False,False,False,False,16,3,1.0,0,90.49,15.26,16680.812
2023-12-21 17:00:00,3875.05,False,False,False,False,False,False,False,False,True,False,False,False,False,False,False,False,False,False,False,False,False,False,False,False,17,3,1.0,1,90.745,15.26,16996.936
2023-12-21 18:00:00,3846.03,False,False,False,False,False,False,False,False,False,True,False,False,False,False,False,False,False,False,False,False,False,False,False,False,18,3,1.0,1,91.0225,15.26,17015.222
2023-12-21 19:00:00,3837.95,False,False,False,False,False,False,False,False,False,False,True,False,False,False,False,False,False,False,False,False,False,False,False,False,19,3,1.0,0,91.28,15.26,16886.698
2023-12-21 20:00:00,3739.47,False,False,False,False,False,False,False,False,False,False,False,False,True,False,False,False,False,False,False,False,False,False,False,False,20,3,1.0,0,91.9275,15.26,16644.087
2023-12-21 21:00:00,3545.94,False,False,False,False,False,False,False,False,False,False,False,False,False,True,False,False,False,False,False,False,False,False,False,False,21,3,1.0,0,92.239,15.26,16290.348
2023-12-21 22:00:00,3352.86,False,False,False,False,False,False,False,False,False,False,False,False,False,False,True,False,False,False,False,False,False,False,False,False,22,3,1.0,0,92.2995,15.26,15776.157
2023-12-21 23:00:00,3120.55,False,False,False,False,False,False,False,False,False,False,False,False,False,False,False,True,False,False,False,False,False,False,False,False,23,3,1.0,1,92.335,15.26,14974.58
2023-12-28 00:00:00,2931.94,True,False,False,False,False,False,False,False,False,False,False,False,False,False,False,False,False,False,False,False,False,False,False,False,0,4,-2.0,0,91.7275,15.25,14206.581
2023-12-28 01:00:00,2937.0,False,False,False,False,False,False,False,False,False,False,False,True,False,False,False,False,False,False,False,False,False,False,False,False,1,4,-2.0,0,92.139,15.25,13403.942
2023-12-28 02:00:00,2933.12,False,False,False,False,False,False,False,False,False,False,False,False,False,False,False,False,True,False,False,False,False,False,False,False,2,4,-3.0,0,91.6285,15.25,12771.915
2023-12-28 03:00:00,2886.6,False,False,False,False,False,False,False,False,False,False,False,False,False,False,False,False,False,True,False,False,False,False,False,False,3,4,-3.0,0,91.625,15.25,12312.231
2023-12-28 04:00:00,2907.34,False,False,False,False,False,False,False,False,False,False,False,False,False,False,False,False,False,False,True,False,False,False,False,False,4,4,-3.0,0,91.625,15.25,12123.963
2023-12-28 05:00:00,2934.42,False,False,False,False,False,False,False,False,False,False,False,False,False,False,False,False,False,False,False,True,False,False,False,False,5,4,-3.0,1,91.625,15.25,12208.082
2023-12-28 06:00:00,3093.65,False,False,False,False,False,False,False,False,False,False,False,False,False,False,False,False,False,False,False,False,True,False,False,False,6,4,-3.0,1,91.625,15.25,12708.969
2023-12-28 07:00:00,3349.28,False,False,False,False,False,False,False,False,False,False,False,False,False,False,False,False,False,False,False,False,False,True,False,False,7,4,-3.0,1,91.645,15.25,13697.676
2023-12-28 08:00:00,3726.84,False,False,False,False,False,False,False,False,False,False,False,False,False,False,False,False,False,False,False,False,False,False,True,False,8,4,-4.0,1,91.645,15.25,14740.881
2023-12-28 09:00:00,3765.34,False,False,False,False,False,False,False,False,False,False,False,False,False,False,False,False,False,False,False,False,False,False,False,True,9,4,-3.0,1,91.645,15.25,15790.709
2023-12-28 10:00:00,3782.2,False,True,False,False,False,False,False,False,False,False,False,False,False,False,False,False,False,False,False,False,False,False,False,False,10,4,-2.0,1,91.645,15.25,16295.713
2023-12-28 11:00:00,3800.65,False,False,True,False,False,False,False,False,False,False,False,False,False,False,False,False,False,False,False,False,False,False,False,False,11,4,-2.0,1,91.645,15.25,16551.391
2023-12-28 12:00:00,3782.52,False,False,False,True,False,False,False,False,False,False,False,False,False,False,False,False,False,False,False,False,False,False,False,False,12,4,-2.0,1,91.645,15.25,16544.226
2023-12-28 13:00:00,3787.67,False,False,False,False,True,False,False,False,False,False,False,False,False,False,False,False,False,False,False,False,False,False,False,False,13,4,-3.0,1,91.645,15.25,16483.89
2023-12-28 14:00:00,3787.65,False,False,False,False,False,True,False,False,False,False,False,False,False,False,False,False,False,False,False,False,False,False,False,False,14,4,-3.0,0,91.645,15.25,16459.301
2023-12-28 15:00:00,3756.11,False,False,False,False,False,False,True,False,False,False,False,False,False,False,False,False,False,False,False,False,False,False,False,False,15,4,-3.0,0,91.06,15.25,16517.675
2023-12-28 16:00:00,3791.08,False,False,False,False,False,False,False,True,False,False,False,False,False,False,False,False,False,False,False,False,False,False,False,False,16,4,-3.0,0,91.05,15.25,16527.475
2023-12-28 17:00:00,3799.01,False,False,False,False,False,False,False,False,True,False,False,False,False,False,False,False,False,False,False,False,False,False,False,False,17,4,-4.0,0,90.975,15.25,16844.325
2023-12-28 18:00:00,3773.55,False,False,False,False,False,False,False,False,False,True,False,False,False,False,False,False,False,False,False,False,False,False,False,False,18,4,-4.0,0,90.531,15.25,16906.598
2023-12-28 19:00:00,3778.14,False,False,False,False,False,False,False,False,False,False,True,False,False,False,False,False,False,False,False,False,False,False,False,False,19,4,-4.0,0,90.5525,15.25,16769.889
2023-12-28 20:00:00,3635.77,False,False,False,False,False,False,False,False,False,False,False,False,True,False,False,False,False,False,False,False,False,False,False,False,20,4,-4.0,0,90.485,15.25,16520.257
2023-12-28 21:00:00,3446.89,False,False,False,False,False,False,False,False,False,False,False,False,False,True,False,False,False,False,False,False,False,False,False,False,21,4,-4.0,0,90.2365,15.25,16180.837
2023-12-28 22:00:00,3240.15,False,False,False,False,False,False,False,False,False,False,False,False,False,False,True,False,False,False,False,False,False,False,False,False,22,4,-4.0,0,89.8925,15.25,15712.807
2023-12-28 23:00:00,3005.57,False,False,False,False,False,False,False,False,False,False,False,False,False,False,False,True,False,False,False,False,False,False,False,False,23,4,-4.0,0,89.9025,15.25,15038.354
2024-01-04 00:00:00,3048.28,True,False,False,False,False,False,False,False,False,False,False,False,False,False,False,False,False,False,False,False,False,False,False,False,0,1,-27.0,0,91.7925,15.18,16087.240645833326
2024-01-04 01:00:00,2935.39,False,False,False,False,False,False,False,False,False,False,False,True,False,False,False,False,False,False,False,False,False,False,False,False,1,1,-28.0,0,91.803,15.18,16087.240645833326
2024-01-04 02:00:00,2855.52,False,False,False,False,False,False,False,False,False,False,False,False,False,False,False,False,True,False,False,False,False,False,False,False,2,1,-28.0,0,91.807,15.18,16087.240645833326
2024-01-04 03:00:00,2804.78,False,False,False,False,False,False,False,False,False,False,False,False,False,False,False,False,False,True,False,False,False,False,False,False,3,1,-28.0,0,92.0,15.18,16087.240645833326
2024-01-04 04:00:00,2812.99,False,False,False,False,False,False,False,False,False,False,False,False,False,False,False,False,False,False,True,False,False,False,False,False,4,1,-29.0,0,92.0,15.18,16087.240645833326
2024-01-04 05:00:00,2852.19,False,False,False,False,False,False,False,False,False,False,False,False,False,False,False,False,False,False,False,True,False,False,False,False,5,1,-28.0,0,92.0,15.18,16087.240645833326
2024-01-04 06:00:00,2889.47,False,False,False,False,False,False,False,False,False,False,False,False,False,False,False,False,False,False,False,False,True,False,False,False,6,1,-29.0,0,92.0,15.18,16087.240645833326
2024-01-04 07:00:00,3052.95,False,False,False,False,False,False,False,False,False,False,False,False,False,False,False,False,False,False,False,False,False,True,False,False,7,1,-29.0,0,92.0,15.18,16087.240645833326
2024-01-04 08:00:00,3297.03,False,False,False,False,False,False,False,False,False,False,False,False,False,False,False,False,False,False,False,False,False,False,True,False,8,1,-29.0,0,92.0,15.18,16087.240645833326
2024-01-04 09:00:00,3510.29,False,False,False,False,False,False,False,False,False,False,False,False,False,False,False,False,False,False,False,False,False,False,False,True,9,1,-29.0,0,92.0,15.18,16087.240645833326
2024-01-04 10:00:00,3689.21,False,True,False,False,False,False,False,False,False,False,False,False,False,False,False,False,False,False,False,False,False,False,False,False,10,1,-29.0,0,92.0,15.18,16087.240645833326
2024-01-04 11:00:00,3715.2,False,False,True,False,False,False,False,False,False,False,False,False,False,False,False,False,False,False,False,False,False,False,False,False,11,1,-27.0,0,92.0,15.18,16087.240645833326
2024-01-04 12:00:00,3717.51,False,False,False,True,False,False,False,False,False,False,False,False,False,False,False,False,False,False,False,False,False,False,False,False,12,1,-26.0,0,92.0,15.18,16087.240645833326
2024-01-04 13:00:00,3719.14,False,False,False,False,True,False,False,False,False,False,False,False,False,False,False,False,False,False,False,False,False,False,False,False,13,1,-25.0,0,92.0,15.18,16087.240645833326
2024-01-04 14:00:00,3686.61,False,False,False,False,False,True,False,False,False,False,False,False,False,False,False,False,False,False,False,False,False,False,False,False,14,1,-24.0,0,92.0,15.18,16087.240645833326
2024-01-04 15:00:00,3668.76,False,False,False,False,False,False,True,False,False,False,False,False,False,False,False,False,False,False,False,False,False,False,False,False,15,1,-24.0,0,92.03,15.18,16087.240645833326
2024-01-04 16:00:00,3714.58,False,False,False,False,False,False,False,True,False,False,False,False,False,False,False,False,False,False,False,False,False,False,False,False,16,1,-24.0,0,92.22,15.18,16087.240645833326
2024-01-04 17:00:00,3739.96,False,False,False,False,False,False,False,False,True,False,False,False,False,False,False,False,False,False,False,False,False,False,False,False,17,1,-26.0,0,91.92,15.18,16087.240645833326
2024-01-04 18:00:00,3725.89,False,False,False,False,False,False,False,False,False,True,False,False,False,False,False,False,False,False,False,False,False,False,False,False,18,1,-26.0,0,91.2925,15.18,16087.240645833326
2024-01-04 19:00:00,3711.01,False,False,False,False,False,False,False,False,False,False,True,False,False,False,False,False,False,False,False,False,False,False,False,False,19,1,-26.0,0,91.405,15.18,16087.240645833326
2024-01-04 20:00:00,3691.24,False,False,False,False,False,False,False,False,False,False,False,False,True,False,False,False,False,False,False,False,False,False,False,False,20,1,-26.0,0,91.1675,15.18,16087.240645833326
2024-01-04 21:00:00,3514.25,False,False,False,False,False,False,False,False,False,False,False,False,False,True,False,False,False,False,False,False,False,False,False,False,21,1,-27.0,0,91.37,15.18,16087.240645833326
2024-01-04 22:00:00,3374.48,False,False,False,False,False,False,False,False,False,False,False,False,False,False,True,False,False,False,False,False,False,False,False,False,22,1,-27.0,0,91.575,15.18,16087.240645833326
2024-01-04 23:00:00,3156.02,False,False,False,False,False,False,False,False,False,False,False,False,False,False,False,True,False,False,False,False,False,False,False,False,23,1,-27.0,0,91.231,15.18,16087.240645833326
2024-01-11 00:00:00,3061.5,True,False,False,False,False,False,False,False,False,False,False,False,False,False,False,False,False,False,False,False,False,False,False,False,0,2,-9.0,1,90.9,15.07,15672.739
2024-01-11 01:00:00,2990.73,False,False,False,False,False,False,False,False,False,False,False,True,False,False,False,False,False,False,False,False,False,False,False,False,1,2,-8.0,1,90.9,15.07,14869.78
2024-01-11 02:00:00,2934.46,False,False,False,False,False,False,False,False,False,False,False,False,False,False,False,False,True,False,False,False,False,False,False,False,2,2,-7.0,1,90.9,15.07,14237.132
2024-01-11 03:00:00,2961.86,False,False,False,False,False,False,False,False,False,False,False,False,False,False,False,False,False,True,False,False,False,False,False,False,3,2,-6.0,1,90.9,15.07,13814.5
2024-01-11 04:00:00,3006.48,False,False,False,False,False,False,False,False,False,False,False,False,False,False,False,False,False,False,True,False,False,False,False,False,4,2,-6.0,1,90.9,15.07,13649.651
2024-01-11 05:00:00,3076.15,False,False,False,False,False,False,False,False,False,False,False,False,False,False,False,False,False,False,False,True,False,False,False,False,5,2,-5.0,1,89.9,15.07,13718.324
2024-01-11 06:00:00,3304.94,False,False,False,False,False,False,False,False,False,False,False,False,False,False,False,False,False,False,False,False,True,False,False,False,6,2,-3.0,1,89.9,15.07,14177.613
2024-01-11 07:00:00,3668.77,False,False,False,False,False,False,False,False,False,False,False,False,False,False,False,False,False,False,False,False,False,True,False,False,7,2,-2.0,1,89.9,15.07,15144.893
2024-01-11 08:00:00,3805.6,False,False,False,False,False,False,False,False,False,False,False,False,False,False,False,False,False,False,False,False,False,False,True,False,8,2,-1.0,1,89.9,15.07,16207.786
2024-01-11 09:00:00,3855.58,False,False,False,False,False,False,False,False,False,False,False,False,False,False,False,False,False,False,False,False,False,False,False,True,9,2,0.0,1,89.9,15.07,17065.042
2024-01-11 10:00:00,3900.74,False,True,False,False,False,False,False,False,False,False,False,False,False,False,False,False,False,False,False,False,False,False,False,False,10,2,0.0,1,89.9,15.07,17610.451
2024-01-11 11:00:00,3923.21,False,False,True,False,False,False,False,False,False,False,False,False,False,False,False,False,False,False,False,False,False,False,False,False,11,2,0.0,1,89.9,15.07,17920.328
2024-01-11 12:00:00,3892.87,False,False,False,True,False,False,False,False,False,False,False,False,False,False,False,False,False,False,False,False,False,False,False,False,12,2,-2.0,1,89.9,15.07,17919.607
2024-01-11 13:00:00,3902.43,False,False,False,False,True,False,False,False,False,False,False,False,False,False,False,False,False,False,False,False,False,False,False,False,13,2,-4.0,0,89.9,15.07,17849.138
2024-01-11 14:00:00,3900.34,False,False,False,False,False,True,False,False,False,False,False,False,False,False,False,False,False,False,False,False,False,False,False,False,14,2,-7.0,0,89.9,15.07,17904.335
2024-01-11 15:00:00,3848.63,False,False,False,False,False,False,True,False,False,False,False,False,False,False,False,False,False,False,False,False,False,False,False,False,15,2,-8.0,1,89.9,15.07,17977.785
2024-01-11 16:00:00,3860.54,False,False,False,False,False,False,False,True,False,False,False,False,False,False,False,False,False,False,False,False,False,False,False,False,16,2,-9.0,1,89.9,15.07,18052.902
2024-01-11 17:00:00,3919.68,False,False,False,False,False,False,False,False,True,False,False,False,False,False,False,False,False,False,False,False,False,False,False,False,17,2,-9.0,1,89.9,15.07,18366.296
2024-01-11 18:00:00,3870.66,False,False,False,False,False,False,False,False,False,True,False,False,False,False,False,False,False,False,False,False,False,False,False,False,18,2,-9.0,1,89.9,15.07,18510.668
2024-01-11 19:00:00,3841.63,False,False,False,False,False,False,False,False,False,False,True,False,False,False,False,False,False,False,False,False,False,False,False,False,19,2,-10.0,1,89.9,15.07,18449.007
2024-01-11 20:00:00,3716.76,False,False,False,False,False,False,False,False,False,False,False,False,True,False,False,False,False,False,False,False,False,False,False,False,20,2,-10.0,1,89.9,15.07,18258.694
2024-01-11 21:00:00,3608.42,False,False,False,False,False,False,False,False,False,False,False,False,False,True,False,False,False,False,False,False,False,False,False,False,21,2,-10.0,1,89.9,15.07,17880.873
2024-01-11 22:00:00,3363.64,False,False,False,False,False,False,False,False,False,False,False,False,False,False,True,False,False,False,False,False,False,False,False,False,22,2,-11.0,1,89.9,15.07,17355.221
2024-01-11 23:00:00,3064.77,False,False,False,False,False,False,False,False,False,False,False,False,False,False,False,True,False,False,False,False,False,False,False,False,23,2,-11.0,1,89.9,15.07,16499.729
2024-01-18 00:00:00,3229.68,True,False,False,False,False,False,False,False,False,False,False,False,False,False,False,False,False,False,False,False,False,False,False,False,0,3,-12.0,0,87.96,14.5,15831.803
2024-01-18 01:00:00,3066.8,False,False,False,False,False,False,False,False,False,False,False,True,False,False,False,False,False,False,False,False,False,False,False,False,1,3,-12.0,0,87.96,14.5,15007.411
2024-01-18 02:00:00,3029.08,False,False,False,False,False,False,False,False,False,False,False,False,False,False,False,False,True,False,False,False,False,False,False,False,2,3,-14.0,0,87.96,14.5,14417.129
2024-01-18 03:00:00,3020.33,False,False,False,False,False,False,False,False,False,False,False,False,False,False,False,False,False,True,False,False,False,False,False,False,3,3,-14.0,0,87.96,14.5,14000.892
2024-01-18 04:00:00,3061.1,False,False,False,False,False,False,False,False,False,False,False,False,False,False,False,False,False,False,True,False,False,False,False,False,4,3,-15.0,0,87.96,14.5,13876.421
2024-01-18 05:00:00,3207.58,False,False,False,False,False,False,False,False,False,False,False,False,False,False,False,False,False,False,False,True,False,False,False,False,5,3,-15.0,0,87.96,14.5,13983.403
2024-01-18 06:00:00,3341.16,False,False,False,False,False,False,False,False,False,False,False,False,False,False,False,False,False,False,False,False,True,False,False,False,6,3,-15.0,0,88.635,14.5,14522.644
2024-01-18 07:00:00,3650.03,False,False,False,False,False,False,False,False,False,False,False,False,False,False,False,False,False,False,False,False,False,True,False,False,7,3,-16.0,0,88.635,14.5,15630.354
2024-01-18 08:00:00,3843.89,False,False,False,False,False,False,False,False,False,False,False,False,False,False,False,False,False,False,False,False,False,False,True,False,8,3,-14.0,0,88.635,14.5,16801.062
2024-01-18 09:00:00,3787.97,False,False,False,False,False,False,False,False,False,False,False,False,False,False,False,False,False,False,False,False,False,False,False,True,9,3,-14.0,0,88.635,14.5,17783.739
2024-01-18 10:00:00,4005.01,False,True,False,False,False,False,False,False,False,False,False,False,False,False,False,False,False,False,False,False,False,False,False,False,10,3,-13.0,0,88.635,14.5,18504.351
2024-01-18 11:00:00,3969.56,False,False,True,False,False,False,False,False,False,False,False,False,False,False,False,False,False,False,False,False,False,False,False,False,11,3,-10.0,0,88.635,14.5,18919.926
2024-01-18 12:00:00,3945.52,False,False,False,True,False,False,False,False,False,False,False,False,False,False,False,False,False,False,False,False,False,False,False,False,12,3,-9.0,0,88.635,14.5,18820.309
2024-01-18 13:00:00,3948.94,False,False,False,False,True,False,False,False,False,False,False,False,False,False,False,False,False,False,False,False,False,False,False,False,13,3,-10.0,0,88.635,14.5,18711.157
2024-01-18 14:00:00,3947.29,False,False,False,False,False,True,False,False,False,False,False,False,False,False,False,False,False,False,False,False,False,False,False,False,14,3,-10.0,0,88.635,14.5,18775.294
2024-01-18 15:00:00,3994.04,False,False,False,False,False,False,True,False,False,False,False,False,False,False,False,False,False,False,False,False,False,False,False,False,15,3,-10.0,1,88.635,14.5,18821.21
2024-01-18 16:00:00,4062.79,False,False,False,False,False,False,False,True,False,False,False,False,False,False,False,False,False,False,False,False,False,False,False,False,16,3,-10.0,1,88.635,14.5,18908.194
2024-01-18 17:00:00,4069.18,False,False,False,False,False,False,False,False,True,False,False,False,False,False,False,False,False,False,False,False,False,False,False,False,17,3,-11.0,1,88.635,14.5,19073.517
2024-01-18 18:00:00,4066.56,False,False,False,False,False,False,False,False,False,True,False,False,False,False,False,False,False,False,False,False,False,False,False,False,18,3,-10.0,1,88.635,14.5,19129.42
2024-01-18 19:00:00,3876.47,False,False,False,False,False,False,False,False,False,False,True,False,False,False,False,False,False,False,False,False,False,False,False,False,19,3,-9.0,1,88.635,14.5,18960.575
2024-01-18 20:00:00,3733.27,False,False,False,False,False,False,False,False,False,False,False,False,True,False,False,False,False,False,False,False,False,False,False,False,20,3,-9.0,1,88.635,14.5,18701.395
2024-01-18 21:00:00,3624.0,False,False,False,False,False,False,False,False,False,False,False,False,False,True,False,False,False,False,False,False,False,False,False,False,21,3,-9.0,1,88.635,14.5,18203.013
2024-01-18 22:00:00,3363.88,False,False,False,False,False,False,False,False,False,False,False,False,False,False,True,False,False,False,False,False,False,False,False,False,22,3,-8.0,1,88.635,14.5,17571.166
2024-01-18 23:00:00,3187.82,False,False,False,False,False,False,False,False,False,False,False,False,False,False,False,True,False,False,False,False,False,False,False,False,23,3,-8.0,1,88.635,14.5,16643.422
2024-01-25 00:00:00,3143.38,True,False,False,False,False,False,False,False,False,False,False,False,False,False,False,False,False,False,False,False,False,False,False,False,0,4,0.0,0,88.87,14.29,14823.618
2024-01-25 01:00:00,3077.31,False,False,False,False,False,False,False,False,False,False,False,True,False,False,False,False,False,False,False,False,False,False,False,False,1,4,0.0,0,88.87,14.29,14005.377
2024-01-25 02:00:00,3039.05,False,False,False,False,False,False,False,False,False,False,False,False,False,False,False,False,True,False,False,False,False,False,False,False,2,4,0.0,0,88.87,14.29,13397.954
2024-01-25 03:00:00,3040.88,False,False,False,False,False,False,False,False,False,False,False,False,False,False,False,False,False,True,False,False,False,False,False,False,3,4,0.0,1,88.87,14.29,12956.541
2024-01-25 04:00:00,3079.76,False,False,False,False,False,False,False,False,False,False,False,False,False,False,False,False,False,False,True,False,False,False,False,False,4,4,0.0,1,88.87,14.29,12776.052
2024-01-25 05:00:00,3206.0,False,False,False,False,False,False,False,False,False,False,False,False,False,False,False,False,False,False,False,True,False,False,False,False,5,4,0.0,0,88.7,14.29,12868.844
2024-01-25 06:00:00,3435.94,False,False,False,False,False,False,False,False,False,False,False,False,False,False,False,False,False,False,False,False,True,False,False,False,6,4,0.0,1,88.7,14.29,13365.478
2024-01-25 07:00:00,3720.13,False,False,False,False,False,False,False,False,False,False,False,False,False,False,False,False,False,False,False,False,False,True,False,False,7,4,0.0,1,88.7,14.29,14417.858
2024-01-25 08:00:00,3909.08,False,False,False,False,False,False,False,False,False,False,False,False,False,False,False,False,False,False,False,False,False,False,True,False,8,4,-1.0,1,88.7,14.29,15558.171
2024-01-25 09:00:00,3958.83,False,False,False,False,False,False,False,False,False,False,False,False,False,False,False,False,False,False,False,False,False,False,False,True,9,4,-1.0,1,88.7,14.29,16419.541
2024-01-25 10:00:00,3976.22,False,True,False,False,False,False,False,False,False,False,False,False,False,False,False,False,False,False,False,False,False,False,False,False,10,4,-1.0,1,88.7,14.29,16977.658
2024-01-25 11:00:00,4006.21,False,False,True,False,False,False,False,False,False,False,False,False,False,False,False,False,False,False,False,False,False,False,False,False,11,4,-1.0,1,88.7,14.29,17287.969
2024-01-25 12:00:00,3981.48,False,False,False,True,False,False,False,False,False,False,False,False,False,False,False,False,False,False,False,False,False,False,False,False,12,4,-1.0,1,88.7,14.29,17251.339
2024-01-25 13:00:00,4007.32,False,False,False,False,True,False,False,False,False,False,False,False,False,False,False,False,False,False,False,False,False,False,False,False,13,4,-1.0,0,88.7,14.29,17167.38
2024-01-25 14:00:00,3982.03,False,False,False,False,False,True,False,False,False,False,False,False,False,False,False,False,False,False,False,False,False,False,False,False,14,4,-1.0,0,88.7,14.29,17222.073
2024-01-25 15:00:00,3937.83,False,False,False,False,False,False,True,False,False,False,False,False,False,False,False,False,False,False,False,False,False,False,False,False,15,4,-1.0,1,88.7,14.29,17226.935
2024-01-25 16:00:00,3980.24,False,False,False,False,False,False,False,True,False,False,False,False,False,False,False,False,False,False,False,False,False,False,False,False,16,4,-1.0,1,88.7,14.29,17220.871
2024-01-25 17:00:00,3996.9,False,False,False,False,False,False,False,False,True,False,False,False,False,False,False,False,False,False,False,False,False,False,False,False,17,4,-1.0,1,88.7,14.29,17269.429
2024-01-25 18:00:00,4013.35,False,False,False,False,False,False,False,False,False,True,False,False,False,False,False,False,False,False,False,False,False,False,False,False,18,4,-1.0,1,88.7,14.29,17544.882
2024-01-25 19:00:00,3974.44,False,False,False,False,False,False,False,False,False,False,True,False,False,False,False,False,False,False,False,False,False,False,False,False,19,4,-1.0,1,88.7,14.29,17506.906
2024-01-25 20:00:00,3814.62,False,False,False,False,False,False,False,False,False,False,False,False,True,False,False,False,False,False,False,False,False,False,False,False,20,4,-2.0,1,88.7,14.29,17303.352
2024-01-25 21:00:00,3651.96,False,False,False,False,False,False,False,False,False,False,False,False,False,True,False,False,False,False,False,False,False,False,False,False,21,4,-2.0,1,88.7,14.29,16886.824
2024-01-25 22:00:00,3382.17,False,False,False,False,False,False,False,False,False,False,False,False,False,False,True,False,False,False,False,False,False,False,False,False,22,4,-2.0,1,88.7,14.29,16345.678
2024-01-25 23:00:00,3268.32,False,False,False,False,False,False,False,False,False,False,False,False,False,False,False,True,False,False,False,False,False,False,False,False,23,4,-3.0,1,88.7,14.29,15565.794
2024-02-01 00:00:00,3267.19,True,False,False,False,False,False,False,False,False,False,False,False,False,False,False,False,False,False,False,False,False,False,False,False,0,1,-1.0,1,89.75,14.06,14456.226
2024-02-01 01:00:00,3111.51,False,False,False,False,False,False,False,False,False,False,False,True,False,False,False,False,False,False,False,False,False,False,False,False,1,1,-1.0,1,89.75,14.06,13639.664
2024-02-01 02:00:00,3089.04,False,False,False,False,False,False,False,False,False,False,False,False,False,False,False,False,True,False,False,False,False,False,False,False,2,1,-1.0,1,89.75,14.06,13057.824
2024-02-01 03:00:00,3063.89,False,False,False,False,False,False,False,False,False,False,False,False,False,False,False,False,False,True,False,False,False,False,False,False,3,1,-1.0,1,89.75,14.06,12609.913
2024-02-01 04:00:00,3101.48,False,False,False,False,False,False,False,False,False,False,False,False,False,False,False,False,False,False,True,False,False,False,False,False,4,1,0.0,1,89.75,14.06,12426.983
2024-02-01 05:00:00,3243.49,False,False,False,False,False,False,False,False,False,False,False,False,False,False,False,False,False,False,False,True,False,False,False,False,5,1,0.0,1,89.75,14.06,12498.011
2024-02-01 06:00:00,3374.42,False,False,False,False,False,False,False,False,False,False,False,False,False,False,False,False,False,False,False,False,True,False,False,False,6,1,0.0,1,90.005,14.06,12985.329
2024-02-01 07:00:00,3670.13,False,False,False,False,False,False,False,False,False,False,False,False,False,False,False,False,False,False,False,False,False,True,False,False,7,1,0.0,0,90.005,14.06,13984.267
2024-02-01 08:00:00,3848.47,False,False,False,False,False,False,False,False,False,False,False,False,False,False,False,False,False,False,False,False,False,False,True,False,8,1,0.0,1,90.005,14.06,15111.268
2024-02-01 09:00:00,3883.25,False,False,False,False,False,False,False,False,False,False,False,False,False,False,False,False,False,False,False,False,False,False,False,True,9,1,0.0,1,90.005,14.06,15892.819
2024-02-01 10:00:00,3916.28,False,True,False,False,False,False,False,False,False,False,False,False,False,False,False,False,False,False,False,False,False,False,False,False,10,1,0.0,1,90.005,14.06,16500.987
2024-02-01 11:00:00,3916.44,False,False,True,False,False,False,False,False,False,False,False,False,False,False,False,False,False,False,False,False,False,False,False,False,11,1,1.0,1,90.005,14.06,16839.404
2024-02-01 12:00:00,3922.1,False,False,False,True,False,False,False,False,False,False,False,False,False,False,False,False,False,False,False,False,False,False,False,False,12,1,1.0,1,90.005,14.06,16796.301
2024-02-01 13:00:00,3929.49,False,False,False,False,True,False,False,False,False,False,False,False,False,False,False,False,False,False,False,False,False,False,False,False,13,1,1.0,1,90.005,14.06,16696.855
2024-02-01 14:00:00,3926.08,False,False,False,False,False,True,False,False,False,False,False,False,False,False,False,False,False,False,False,False,False,False,False,False,14,1,1.0,0,90.005,14.06,16722.956
2024-02-01 15:00:00,3873.16,False,False,False,False,False,False,True,False,False,False,False,False,False,False,False,False,False,False,False,False,False,False,False,False,15,1,1.0,0,90.005,14.06,16751.984
2024-02-01 16:00:00,3863.57,False,False,False,False,False,False,False,True,False,False,False,False,False,False,False,False,False,False,False,False,False,False,False,False,16,1,1.0,0,90.005,14.06,16765.067
2024-02-01 17:00:00,3883.68,False,False,False,False,False,False,False,False,True,False,False,False,False,False,False,False,False,False,False,False,False,False,False,False,17,1,1.0,0,90.005,14.06,16800.437
2024-02-01 18:00:00,3883.83,False,False,False,False,False,False,False,False,False,True,False,False,False,False,False,False,False,False,False,False,False,False,False,False,18,1,1.0,0,90.005,14.06,17052.03
2024-02-01 19:00:00,3888.6,False,False,False,False,False,False,False,False,False,False,True,False,False,False,False,False,False,False,False,False,False,False,False,False,19,1,1.0,0,90.005,14.06,16989.218
2024-02-01 20:00:00,3738.05,False,False,False,False,False,False,False,False,False,False,False,False,True,False,False,False,False,False,False,False,False,False,False,False,20,1,1.0,0,90.005,14.06,16797.542
2024-02-01 21:00:00,3621.65,False,False,False,False,False,False,False,False,False,False,False,False,False,True,False,False,False,False,False,False,False,False,False,False,21,1,1.0,0,90.005,14.06,16382.972
2024-02-01 22:00:00,3383.63,False,False,False,False,False,False,False,False,False,False,False,False,False,False,True,False,False,False,False,False,False,False,False,False,22,1,0.0,0,90.005,14.06,15845.24
2024-02-01 23:00:00,3297.28,False,False,False,False,False,False,False,False,False,False,False,False,False,False,False,True,False,False,False,False,False,False,False,False,23,1,0.0,1,90.005,14.06,14999.154
2024-02-08 00:00:00,3126.94,True,False,False,False,False,False,False,False,False,False,False,False,False,False,False,False,False,False,False,False,False,False,False,False,0,2,-11.0,1,90.53,13.39,14958.28
2024-02-08 01:00:00,3039.63,False,False,False,False,False,False,False,False,False,False,False,True,False,False,False,False,False,False,False,False,False,False,False,False,1,2,-12.0,1,90.53,13.39,14213.331
2024-02-08 02:00:00,3005.92,False,False,False,False,False,False,False,False,False,False,False,False,False,False,False,False,True,False,False,False,False,False,False,False,2,2,-13.0,1,90.53,13.39,13679.891
2024-02-08 03:00:00,2997.37,False,False,False,False,False,False,False,False,False,False,False,False,False,False,False,False,False,True,False,False,False,False,False,False,3,2,-14.0,1,90.53,13.39,13279.387
2024-02-08 04:00:00,3031.31,False,False,False,False,False,False,False,False,False,False,False,False,False,False,False,False,False,False,True,False,False,False,False,False,4,2,-15.0,0,90.53,13.39,13155.27
2024-02-08 05:00:00,3151.11,False,False,False,False,False,False,False,False,False,False,False,False,False,False,False,False,False,False,False,True,False,False,False,False,5,2,-15.0,1,90.53,13.39,13276.342
2024-02-08 06:00:00,3366.33,False,False,False,False,False,False,False,False,False,False,False,False,False,False,False,False,False,False,False,False,True,False,False,False,6,2,-15.0,1,90.53,13.39,13815.914
2024-02-08 07:00:00,3667.23,False,False,False,False,False,False,False,False,False,False,False,False,False,False,False,False,False,False,False,False,False,True,False,False,7,2,-14.0,1,90.53,13.39,14892.117
2024-02-08 08:00:00,3789.76,False,False,False,False,False,False,False,False,False,False,False,False,False,False,False,False,False,False,False,False,False,False,True,False,8,2,-14.0,1,90.53,13.39,16030.649
2024-02-08 09:00:00,3886.05,False,False,False,False,False,False,False,False,False,False,False,False,False,False,False,False,False,False,False,False,False,False,False,True,9,2,-15.0,0,90.53,13.39,16836.028
2024-02-08 10:00:00,3952.41,False,True,False,False,False,False,False,False,False,False,False,False,False,False,False,False,False,False,False,False,False,False,False,False,10,2,-15.0,1,90.53,13.39,17607.966
2024-02-08 11:00:00,3968.22,False,False,True,False,False,False,False,False,False,False,False,False,False,False,False,False,False,False,False,False,False,False,False,False,11,2,-14.0,0,90.53,13.39,17916.804
2024-02-08 12:00:00,3940.86,False,False,False,True,False,False,False,False,False,False,False,False,False,False,False,False,False,False,False,False,False,False,False,False,12,2,-13.0,0,90.53,13.39,17795.065
2024-02-08 13:00:00,3947.21,False,False,False,False,True,False,False,False,False,False,False,False,False,False,False,False,False,False,False,False,False,False,False,False,13,2,-12.0,0,90.53,13.39,17610.225
2024-02-08 14:00:00,3933.47,False,False,False,False,False,True,False,False,False,False,False,False,False,False,False,False,False,False,False,False,False,False,False,False,14,2,-12.0,0,90.53,13.39,17592.983
2024-02-08 15:00:00,3869.57,False,False,False,False,False,False,True,False,False,False,False,False,False,False,False,False,False,False,False,False,False,False,False,False,15,2,-12.0,0,90.53,13.39,17596.857
2024-02-08 16:00:00,3939.33,False,False,False,False,False,False,False,True,False,False,False,False,False,False,False,False,False,False,False,False,False,False,False,False,16,2,-12.0,0,90.53,13.39,17593.204
2024-02-08 17:00:00,3972.02,False,False,False,False,False,False,False,False,True,False,False,False,False,False,False,False,False,False,False,False,False,False,False,False,17,2,-12.0,0,90.53,13.39,17608.301
2024-02-08 18:00:00,4057.66,False,False,False,False,False,False,False,False,False,True,False,False,False,False,False,False,False,False,False,False,False,False,False,False,18,2,-13.0,0,90.53,13.39,17942.847
2024-02-08 19:00:00,3910.54,False,False,False,False,False,False,False,False,False,False,True,False,False,False,False,False,False,False,False,False,False,False,False,False,19,2,-13.0,0,90.53,13.39,18256.277
2024-02-08 20:00:00,3828.83,False,False,False,False,False,False,False,False,False,False,False,False,True,False,False,False,False,False,False,False,False,False,False,False,20,2,-13.0,0,90.53,13.39,18147.184
2024-02-08 21:00:00,3707.42,False,False,False,False,False,False,False,False,False,False,False,False,False,True,False,False,False,False,False,False,False,False,False,False,21,2,-14.0,0,90.53,13.39,17729.919
2024-02-08 22:00:00,3564.47,False,False,False,False,False,False,False,False,False,False,False,False,False,False,True,False,False,False,False,False,False,False,False,False,22,2,-14.0,0,90.53,13.39,17240.081
2024-02-08 23:00:00,3304.88,False,False,False,False,False,False,False,False,False,False,False,False,False,False,False,True,False,False,False,False,False,False,False,False,23,2,-14.0,0,90.53,13.39,16371.087
2024-02-15 00:00:00,3100.66,True,False,False,False,False,False,False,False,False,False,False,False,False,False,False,False,False,False,False,False,False,False,False,False,0,3,-11.0,0,91.51,13.12,15499.721
2024-02-15 01:00:00,3028.61,False,False,False,False,False,False,False,False,False,False,False,True,False,False,False,False,False,False,False,False,False,False,False,False,1,3,-11.0,0,91.51,13.12,14719.175
2024-02-15 02:00:00,2987.62,False,False,False,False,False,False,False,False,False,False,False,False,False,False,False,False,True,False,False,False,False,False,False,False,2,3,-12.0,1,91.51,13.12,14130.444
2024-02-15 03:00:00,2965.6,False,False,False,False,False,False,False,False,False,False,False,False,False,False,False,False,False,True,False,False,False,False,False,False,3,3,-12.0,1,91.51,13.12,13713.063
2024-02-15 04:00:00,3035.72,False,False,False,False,False,False,False,False,False,False,False,False,False,False,False,False,False,False,True,False,False,False,False,False,4,3,-12.0,1,91.51,13.12,13584.411
2024-02-15 05:00:00,3153.49,False,False,False,False,False,False,False,False,False,False,False,False,False,False,False,False,False,False,False,True,False,False,False,False,5,3,-13.0,1,91.65,13.12,13708.453
2024-02-15 06:00:00,3336.74,False,False,False,False,False,False,False,False,False,False,False,False,False,False,False,False,False,False,False,False,True,False,False,False,6,3,-13.0,1,91.65,13.12,14260.377
2024-02-15 07:00:00,3710.91,False,False,False,False,False,False,False,False,False,False,False,False,False,False,False,False,False,False,False,False,False,True,False,False,7,3,-13.0,1,91.65,13.12,15313.617
2024-02-15 08:00:00,3798.81,False,False,False,False,False,False,False,False,False,False,False,False,False,False,False,False,False,False,False,False,False,False,True,False,8,3,-13.0,1,91.65,13.12,16373.28
2024-02-15 09:00:00,3877.69,False,False,False,False,False,False,False,False,False,False,False,False,False,False,False,False,False,False,False,False,False,False,False,True,9,3,-13.0,1,91.65,13.12,17155.889
2024-02-15 10:00:00,3910.5,False,True,False,False,False,False,False,False,False,False,False,False,False,False,False,False,False,False,False,False,False,False,False,False,10,3,-13.0,1,91.65,13.12,17973.404
2024-02-15 11:00:00,3955.42,False,False,True,False,False,False,False,False,False,False,False,False,False,False,False,False,False,False,False,False,False,False,False,False,11,3,-12.0,1,91.65,13.12,18320.633
2024-02-15 12:00:00,3927.08,False,False,False,True,False,False,False,False,False,False,False,False,False,False,False,False,False,False,False,False,False,False,False,False,12,3,-11.0,1,91.65,13.12,18321.099
2024-02-15 13:00:00,3936.83,False,False,False,False,True,False,False,False,False,False,False,False,False,False,False,False,False,False,False,False,False,False,False,False,13,3,-11.0,1,91.65,13.12,18286.098
2024-02-15 14:00:00,3921.49,False,False,False,False,False,True,False,False,False,False,False,False,False,False,False,False,False,False,False,False,False,False,False,False,14,3,-11.0,1,91.65,13.12,18339.295
2024-02-15 15:00:00,3877.61,False,False,False,False,False,False,True,False,False,False,False,False,False,False,False,False,False,False,False,False,False,False,False,False,15,3,-11.0,1,91.65,13.12,18334.266
2024-02-15 16:00:00,3852.76,False,False,False,False,False,False,False,True,False,False,False,False,False,False,False,False,False,False,False,False,False,False,False,False,16,3,-11.0,1,91.65,13.12,18289.743
2024-02-15 17:00:00,3870.36,False,False,False,False,False,False,False,False,True,False,False,False,False,False,False,False,False,False,False,False,False,False,False,False,17,3,-11.0,1,91.65,13.12,18198.47
2024-02-15 18:00:00,3897.12,False,False,False,False,False,False,False,False,False,True,False,False,False,False,False,False,False,False,False,False,False,False,False,False,18,3,-11.0,1,91.65,13.12,18259.108
2024-02-15 19:00:00,3905.04,False,False,False,False,False,False,False,False,False,False,True,False,False,False,False,False,False,False,False,False,False,False,False,False,19,3,-11.0,1,91.65,13.12,18473.138
2024-02-15 20:00:00,3803.57,False,False,False,False,False,False,False,False,False,False,False,False,True,False,False,False,False,False,False,False,False,False,False,False,20,3,-10.0,1,91.65,13.12,18317.216
2024-02-15 21:00:00,3713.75,False,False,False,False,False,False,False,False,False,False,False,False,False,True,False,False,False,False,False,False,False,False,False,False,21,3,-10.0,1,91.65,13.12,17855.014
2024-02-15 22:00:00,3410.74,False,False,False,False,False,False,False,False,False,False,False,False,False,False,True,False,False,False,False,False,False,False,False,False,22,3,-10.0,1,91.65,13.12,17310.536
2024-02-15 23:00:00,3289.06,False,False,False,False,False,False,False,False,False,False,False,False,False,False,False,True,False,False,False,False,False,False,False,False,23,3,-10.0,1,91.65,13.12,16424.832
2024-02-22 00:00:00,3125.89,True,False,False,False,False,False,False,False,False,False,False,False,False,False,False,False,False,False,False,False,False,False,False,False,0,4,-5.0,1,92.35,12.42,15062.417
2024-02-22 01:00:00,3086.71,False,False,False,False,False,False,False,False,False,False,False,True,False,False,False,False,False,False,False,False,False,False,False,False,1,4,-5.0,1,92.35,12.42,14262.722
2024-02-22 02:00:00,3059.74,False,False,False,False,False,False,False,False,False,False,False,False,False,False,False,False,True,False,False,False,False,False,False,False,2,4,-4.0,1,92.35,12.42,13665.463
2024-02-22 03:00:00,3056.51,False,False,False,False,False,False,False,False,False,False,False,False,False,False,False,False,False,True,False,False,False,False,False,False,3,4,-4.0,1,92.35,12.42,13249.665
2024-02-22 04:00:00,3084.65,False,False,False,False,False,False,False,False,False,False,False,False,False,False,False,False,False,False,True,False,False,False,False,False,4,4,-4.0,1,92.35,12.42,13082.91
2024-02-22 05:00:00,3182.38,False,False,False,False,False,False,False,False,False,False,False,False,False,False,False,False,False,False,False,True,False,False,False,False,5,4,-4.0,0,92.35,12.42,13148.448
2024-02-22 06:00:00,3376.87,False,False,False,False,False,False,False,False,False,False,False,False,False,False,False,False,False,False,False,False,True,False,False,False,6,4,-4.0,0,92.35,12.42,13598.94
2024-02-22 07:00:00,3579.85,False,False,False,False,False,False,False,False,False,False,False,False,False,False,False,False,False,False,False,False,False,True,False,False,7,4,-4.0,0,92.005,12.42,14555.479
2024-02-22 08:00:00,3727.2,False,False,False,False,False,False,False,False,False,False,False,False,False,False,False,False,False,False,False,False,False,False,True,False,8,4,-4.0,0,92.005,12.42,15444.829
2024-02-22 09:00:00,3766.1,False,False,False,False,False,False,False,False,False,False,False,False,False,False,False,False,False,False,False,False,False,False,False,True,9,4,-4.0,0,92.005,12.42,16288.147
2024-02-22 10:00:00,3818.17,False,True,False,False,False,False,False,False,False,False,False,False,False,False,False,False,False,False,False,False,False,False,False,False,10,4,-4.0,0,92.005,12.42,17119.895
2024-02-22 11:00:00,3851.98,False,False,True,False,False,False,False,False,False,False,False,False,False,False,False,False,False,False,False,False,False,False,False,False,11,4,-4.0,0,92.005,12.42,17397.893
2024-02-22 12:00:00,3769.87,False,False,False,True,False,False,False,False,False,False,False,False,False,False,False,False,False,False,False,False,False,False,False,False,12,4,-3.0,0,92.005,12.42,17402.586
2024-02-22 13:00:00,3769.25,False,False,False,False,True,False,False,False,False,False,False,False,False,False,False,False,False,False,False,False,False,False,False,False,13,4,-3.0,1,92.005,12.42,17298.124
2024-02-22 14:00:00,3754.69,False,False,False,False,False,True,False,False,False,False,False,False,False,False,False,False,False,False,False,False,False,False,False,False,14,4,-3.0,0,92.005,12.42,17264.78
2024-02-22 15:00:00,3673.93,False,False,False,False,False,False,True,False,False,False,False,False,False,False,False,False,False,False,False,False,False,False,False,False,15,4,-3.0,0,92.005,12.42,17181.805
2024-02-22 16:00:00,3662.96,False,False,False,False,False,False,False,True,False,False,False,False,False,False,False,False,False,False,False,False,False,False,False,False,16,4,-2.0,0,92.005,12.42,17065.783
2024-02-22 17:00:00,3684.32,False,False,False,False,False,False,False,False,True,False,False,False,False,False,False,False,False,False,False,False,False,False,False,False,17,4,-3.0,0,92.005,12.42,17004.446
2024-02-22 18:00:00,3728.04,False,False,False,False,False,False,False,False,False,True,False,False,False,False,False,False,False,False,False,False,False,False,False,False,18,4,-3.0,1,92.005,12.42,17028.634
2024-02-22 19:00:00,3761.98,False,False,False,False,False,False,False,False,False,False,True,False,False,False,False,False,False,False,False,False,False,False,False,False,19,4,-3.0,0,92.005,12.42,17438.317
2024-02-22 20:00:00,3698.91,False,False,False,False,False,False,False,False,False,False,False,False,True,False,False,False,False,False,False,False,False,False,False,False,20,4,-3.0,0,92.005,12.42,17296.194
2024-02-22 21:00:00,3588.31,False,False,False,False,False,False,False,False,False,False,False,False,False,True,False,False,False,False,False,False,False,False,False,False,21,4,-3.0,1,92.005,12.42,16890.518
2024-02-22 22:00:00,3434.67,False,False,False,False,False,False,False,False,False,False,False,False,False,False,True,False,False,False,False,False,False,False,False,False,22,4,-3.0,1,92.005,12.42,16395.808
2024-02-22 23:00:00,3293.84,False,False,False,False,False,False,False,False,False,False,False,False,False,False,False,True,False,False,False,False,False,False,False,False,23,4,-3.0,1,92.005,12.42,15665.382
2024-02-29 00:00:00,3142.34,True,False,False,False,False,False,False,False,False,False,False,False,False,False,False,False,False,False,False,False,False,False,False,False,0,5,0.0,0,92.05,12.12,14247.238
2024-02-29 01:00:00,3108.56,False,False,False,False,False,False,False,False,False,False,False,True,False,False,False,False,False,False,False,False,False,False,False,False,1,5,-1.0,0,92.05,12.12,13511.339
2024-02-29 02:00:00,3097.66,False,False,False,False,False,False,False,False,False,False,False,False,False,False,False,False,True,False,False,False,False,False,False,False,2,5,-1.0,0,92.05,12.12,12961.403
2024-02-29 03:00:00,3105.25,False,False,False,False,False,False,False,False,False,False,False,False,False,False,False,False,False,True,False,False,False,False,False,False,3,5,-1.0,0,92.05,12.12,12552.249
2024-02-29 04:00:00,3123.74,False,False,False,False,False,False,False,False,False,False,False,False,False,False,False,False,False,False,True,False,False,False,False,False,4,5,-1.0,0,92.05,12.12,12420.933
2024-02-29 05:00:00,3285.37,False,False,False,False,False,False,False,False,False,False,False,False,False,False,False,False,False,False,False,True,False,False,False,False,5,5,-1.0,0,92.05,12.12,12516.502
2024-02-29 06:00:00,3447.22,False,False,False,False,False,False,False,False,False,False,False,False,False,False,False,False,False,False,False,False,True,False,False,False,6,5,-1.0,0,92.05,12.12,13007.538
2024-02-29 07:00:00,3626.72,False,False,False,False,False,False,False,False,False,False,False,False,False,False,False,False,False,False,False,False,False,True,False,False,7,5,-1.0,0,92.05,12.12,14097.169
2024-02-29 08:00:00,3813.43,False,False,False,False,False,False,False,False,False,False,False,False,False,False,False,False,False,False,False,False,False,False,True,False,8,5,-1.0,0,92.05,12.12,14969.485
2024-02-29 09:00:00,3836.0,False,False,False,False,False,False,False,False,False,False,False,False,False,False,False,False,False,False,False,False,False,False,False,True,9,5,-1.0,0,92.05,12.12,15823.097
2024-02-29 10:00:00,3851.76,False,True,False,False,False,False,False,False,False,False,False,False,False,False,False,False,False,False,False,False,False,False,False,False,10,5,0.0,0,92.05,12.12,16545.008
2024-02-29 11:00:00,3877.66,False,False,True,False,False,False,False,False,False,False,False,False,False,False,False,False,False,False,False,False,False,False,False,False,11,5,1.0,0,92.05,12.12,16663.401
2024-02-29 12:00:00,3858.49,False,False,False,True,False,False,False,False,False,False,False,False,False,False,False,False,False,False,False,False,False,False,False,False,12,5,2.0,0,92.05,12.12,16583.13
2024-02-29 13:00:00,3862.61,False,False,False,False,True,False,False,False,False,False,False,False,False,False,False,False,False,False,False,False,False,False,False,False,13,5,3.0,0,92.05,12.12,16433.032
2024-02-29 14:00:00,3856.12,False,False,False,False,False,True,False,False,False,False,False,False,False,False,False,False,False,False,False,False,False,False,False,False,14,5,3.0,0,92.05,12.12,16381.798
2024-02-29 15:00:00,3787.79,False,False,False,False,False,False,True,False,False,False,False,False,False,False,False,False,False,False,False,False,False,False,False,False,15,5,3.0,0,92.05,12.12,16332.899
2024-02-29 16:00:00,3754.87,False,False,False,False,False,False,False,True,False,False,False,False,False,False,False,False,False,False,False,False,False,False,False,False,16,5,4.0,0,92.05,12.12,16207.158
2024-02-29 17:00:00,3771.06,False,False,False,False,False,False,False,False,True,False,False,False,False,False,False,False,False,False,False,False,False,False,False,False,17,5,4.0,0,92.05,12.12,16069.81
2024-02-29 18:00:00,3820.16,False,False,False,False,False,False,False,False,False,True,False,False,False,False,False,False,False,False,False,False,False,False,False,False,18,5,4.0,0,92.05,12.12,16025.144
2024-02-29 19:00:00,3867.07,False,False,False,False,False,False,False,False,False,False,True,False,False,False,False,False,False,False,False,False,False,False,False,False,19,5,4.0,0,92.05,12.12,16542.993
2024-02-29 20:00:00,3790.52,False,False,False,False,False,False,False,False,False,False,False,False,True,False,False,False,False,False,False,False,False,False,False,False,20,5,3.0,0,92.05,12.12,16577.761
2024-02-29 21:00:00,3691.98,False,False,False,False,False,False,False,False,False,False,False,False,False,True,False,False,False,False,False,False,False,False,False,False,21,5,3.0,0,92.05,12.12,16213.981
2024-02-29 22:00:00,3498.63,False,False,False,False,False,False,False,False,False,False,False,False,False,False,True,False,False,False,False,False,False,False,False,False,22,5,2.0,0,92.05,12.12,15683.225
2024-02-29 23:00:00,3301.12,False,False,False,False,False,False,False,False,False,False,False,False,False,False,False,True,False,False,False,False,False,False,False,False,23,5,2.0,0,92.05,12.12,14865.54
